id,name,model_id:id,group_id:id,perm_read,perm_write,perm_create,perm_unlink
access_po_tax_report,tn_po_tax,model_tn_po_report,base.group_sale_manager,1,1,1,1
access_po_tax_report_salesman,tn_po_tax_saleman,model_tn_po_report,base.group_sale_salesman,1,1,1,0
access_po_tax_report_details,tn_purchase_tax_details,model_tn_purchase_tax_details,base.group_sale_manager,1,1,1,1
access_po_tax_report_salesman_details,tn_purchase_tax_details_saleman,model_tn_purchase_tax_details,base.group_sale_salesman,1,1,1,0
