<openerp>
    <data>

        <record id="view_partner_property_form" model="ir.ui.view">
            <field name="name">res.partner.carrier.property.form.inherit</field>
            <field name="model">res.partner</field>
            <field name="inherit_id" ref="stock.view_partner_property_form" />
            <field name="arch" type="xml">
                <field name="property_stock_supplier" position="after">
                    <field name="property_delivery_carrier"/>
                </field>
            </field>
        </record>

    </data>
</openerp>
