<?xml version="1.0" encoding="utf-8"?>
<openerp>
    <data>
		
		    <record id="invoice_tax_code_form" model="ir.ui.view">
            <field name="name">invoice.tax.code.form</field>
            <field name="model">account.tax</field>
            <field name="inherit_id" ref="account.view_tax_form"/>
            <field name="arch" type="xml">  
                <field name="description" position="after">
                    <field name="ref_code"/>            
                </field>                
            </field>
    </record>

	</data>
</openerp>
