<openerp>
    <data>
		<report 
            id="action_report_forms"
            model="account.invoice"
            string="Customized Invoice"
            report_type="qweb-pdf"
            file="report_sample.report_complain"
            name="report_sample.report_complain"
        />
             
        <template id="report_complain">
		  
             <t t-call="report.external_layout">
                      <div class="page">
								<div class="container">
									
								
								   <t t-foreach="doc_ids" t-as="doc_id"> 
											       
								  

<style>
tr.border_bottom td {
  border-bottom:0pt solid black;
} 
td.thickBorder{ border-right: solid;}
td.big {
    line-height: 10.0;
}
p {
  margin: 0em;
}
.firstcol {
    border-right: 0px solid;
  }
  .table { border: 0px solid black;}
 .table thead > tr > th, .table > tbody > tr > td { border: 0px solid black;padding:0px;}
 
	#child {width: 100%;height: 270px;padding:0px;margin:0px;}          

	#child tbody > tr > td { border-bottom: 0px solid black;border-right: 0px solid black;padding-left:10px; }

	#child tbody > tr > td:last-child { border-bottom: 0px solid black;border-right: none;padding-left:10px; }
 
</style>

<h3 style = "text-align:center"><b>Tax Invoice</b></h3>

<table class="table table-bordered">
							<tr style="font-size:10px">
							<td colspan='2' width='40%'>

										<div class="col-xs-12">
										   <p style="Consignor"><b>Consignor</b></p>
										</div>
									

								<b><t t-esc="doc_id.company_id.name"/></b><br/>
								<t t-esc="doc_id.company_id.street"/><br/>
								<t t-esc="doc_id.company_id.city"/><br/>
								<t t-esc="doc_id.company_id.phone"/><br/>
								
								<t t-esc="doc_id.company_id.fax"/><br/>
								<t t-esc="doc_id.company_id.email"/><br/>
								<t t-esc="doc_id.company_id.website"/>
								</td>
								
							<td width='20%'> <br><b>Invoice No:</b></br>
							<br><t t-esc="doc_id.number"/></br>
							<br><b>Invoice Date:</b></br>
							<br><t t-esc="docs.date_invoice(doc_id)"/> </br>
							</td>
							<td colspan='4' width='40%'></td>

							</tr>
							<tr style="font-size:10px">

							<td colspan='2' width='50%'> 

										<div class="col-xs-12">
										   
										   <p style="Consignee"><b>Consignee</b></p>
										
									 </div>

							<b><t t-esc="doc_id.partner_id.name"/></b><br/>
							<t t-esc="doc_id.partner_id.street"/><br/>
							<t t-esc="doc_id.partner_id.city"/><br/>
							<t t-esc="doc_id.partner_id.phone"/><br/>
							<t t-esc="doc_id.partner_id.fax"/>
							<t t-esc="doc_id.partner_id.email"/>
							<t t-esc="doc_id.partner_id.website"/>

<td colspan='5'>  
<table class="child" style="width:100%" >
						 <tr width="100%" class="border_bottom" style="font-size:10px" >
							
							
												  <td class="big" colspan='2' >
												  <p style="Buyer's Order No">Buyer's Order No:</p>
												  </td>
									
								 
							<br></br>
						  </tr>
						  
						  <tr style="font-size:10px">
							 <td class="firstcol">
								<p style="Despatch Document No:">Despatch Document No:</p>	
								
						  </td>
						  </tr>
						  <tr style="font-size:10px">
							 <td class="firstcol">Despatch Through: 
							
							</td>		
							 <td >Destination: </td>
						  </tr>
						  <tr>
							 <td class="firstcol">Currency</td>		
							<td>INR</td>
							<td></td>
							<td></td>
						  </tr>
						  </table>
  </td>

</td>
</tr>


<t t-foreach="doc_id.partner_id.child_ids" t-as="doc">
<t t-if="doc.type=='contact'">
<tr style="font-size:10px">
<td colspan='3'> 
	<p style="Buyer (if other than consignee):"><b>Buyer (if other than consignee):</b></p>
	

<b><t t-esc="doc.name"/></b><br/>
<t t-esc="doc.function"/><br/>
<t t-esc="doc.email"/><br/>


<br><t t-esc="doc.use_parent_address"/></br>
<br><t t-esc="doc.type"/></br>

</td>

<td colspan = '4'> <br>Terms of Delivery :</br>
 </td>
</tr>
</t>
</t>
<table class="table" width="100%">
<thead>	
<tr >
           <td style="text-align:center"><b>No</b></td>
           <td style="text-align:center"><b>Description</b></td>
           <td style="text-align:center"><b>Uom</b></td>
           <td style="text-align:center"><b>Qty</b></td>
           <td style="text-align:center"><b> Unit Rate</b></td>
           <td style="text-align:center"><b>Taxes</b></td>
           <td style="text-align:center"><b>Amount</b></td>    
 </tr>
</thead>
<t t-set="counter" t-value="1"/>
<t t-foreach="doc_id.invoice_line" t-as="doc">
<tr style="font-size:10px">
<td style="text-align:center">
	<br t-esc="counter"/><t t-set="counter" t-value="counter+1"/> </td>
<td style="text-align:center"> <t t-esc="doc.name"/> </td>
<td> units </td>
<td style = "text-align:center"> <t t-esc="doc.quantity"/></td>
<td style = "text-align:right"> <t t-esc="docs.price_unit(doc.price_unit)"/> </td>
<td> <t t-esc="doc.invoice_line_tax_id.name"/></td>
<td style = "text-align:right"> <t t-esc="docs.price_subtotal(doc.price_subtotal)"/></td>
</tr>
</t>


<tr style="font-size:10px">
<td colspan='5'></td><br/>
<td> Subtotal</td>
<td style = "text-align:right"> <t t-esc="doc_id.amount_untaxed"/></td>
</tr>
<tr style="font-size:10px">
<td colspan='5'></td>
<td> Tax</td>
<td style = "text-align:right"> <t t-esc="doc_id.amount_tax"/> </td>
</tr>

<tr style="font-size:10px">
<td colspan='5'></td>
<td> Total </td>
<td style = "text-align:right"> <t t-esc="doc_id.amount_total"/></td>
</tr>

<tr style="font-size:10px">
<td colspan='7'> 
<b><t t-esc="docs.amount_total(doc_id)"/></b></td>
</tr>
</table>
<tr style="font-size:10px">
<td colspan='7'> 
Company'sVAT TIN : <t t-esc="doc_id.company_id.partner_id.tin_number"/>
 <br> Company's CST No. : <t t-esc="doc_id.company_id.partner_id.cst_number"/></br>
<br> Company's Service Tax No. : <t t-esc="doc_id.company_id.partner_id.servicetaxnumber"/></br>
<br> Company's PAN : <t t-esc="doc_id.company_id.partner_id.pan_number"/></br>
</td>
</tr>

<tr style="font-size:10px">
<td colspan = '7'>
<t t-foreach="doc_id.company_id.bank_ids" t-as="doc">

<b>Bank Details:</b>
<br>Bank AC No ------ : <t t-esc="doc.acc_number"/> </br>
<br>Bank Name ------ : <t t-esc="doc.bank.name"/> </br>
<br>Branch ------------ : <t t-esc="doc.bank_name"/></br>
<br>IFSC --------------- : <t t-esc="doc.bank_bic"/></br>
</t>
</td>
</tr>


</table>




<h6> Please mention invoice# while effective remittance. Any disputes about this invoice has to come to our
attention within 7 days. If not, payable as stated on invoice.
<t t-esc="doc_id.company_id.name"/></h6>
<br/>
<br/>
<br/>
<br/>
<br/>





<h6 style = "text-align:right"><b>Authorized Signatory</b></h6>

</t>
</div>  
</div>
</t>

</template>
</data>
</openerp>



