<openerp>
    <data>
		<report 
            id="action_report_forms"
            model="account.invoice"
            string="Invoice"
            report_type="qweb-pdf"
            file="tax_invoice.report_complain"
            name="tax_invoice.report_complain"
        />          
        <template id="report_complain">
		  
             <t t-call="report.internal_layout">
                      <div class="page">
								<div class="container">		
								   <t t-foreach="doc_ids" t-as="doc_id"> 
											       
								  

<style>
	tr {page-break-inside: avoid;}
	.table { border: 0px solid black; padding:1px;}
	.table thead > tr > th, .table > tbody > tr > td { border: 0px solid black;padding:0px;}

	#child {width: 100%;height: 200px;padding:0px;margin:0px;}          

	#child tbody > tr > td { border-bottom: 0px solid black;border-right: 0px solid black;padding-left:10px; }

	#child tbody > tr > td:last-child { border-bottom: 0px solid black;border-right: none;padding-left:10px; }
.table thead > tr > th {border-bottom: 0px solid black; 
  .tab {line-height: 150%;}
  .tabs {border:none ! important;line-height: 150%;}
  } 
	
</style>

<h3 style = "text-align:center"><b>Tax Invoice</b></h3>

<table class="table table-bordered" style="font-family:courier-new;font-size: 12px;padding-left:10px;">
	
							<tr style="font-family:courier-new;font-size: 12px;padding-left:10px;">
							<td colspan='2' width='30%' style="font-family:courier-new;font-size: 12px;padding-left:10px;">

							   <b style="font-family:courier-new;font-size: 12px;padding-left:10px;">Consignor</b><br/>
							  	<b><t style="font-family:courier-new;font-size: 12px;padding-left:10px;" t-esc="doc_id.company_id.name"/></b><br/>
								<t style="font-family:courier-new;font-size: 12px;padding-left:10px;" t-esc="doc_id.company_id.street"/><br/>
								<t style="font-family:courier-new;font-size: 12px;padding-left:10px;" t-esc="doc_id.company_id.city"/><br/>
								<t style="font-family:courier-new;font-size: 12px;padding-left:10px;" t-esc="doc_id.company_id.phone"/><br/>
								<t style="font-family:courier-new;font-size: 12px;padding-left:10px;" t-esc="doc_id.company_id.email"/><br/>
								<t style="font-family:courier-new;font-size: 12px;padding-left:10px;" t-esc="doc_id.company_id.website"/>
								</td>
								
							<td  width="0%" style="font-family:courier-new;font-size: 12px;padding-left:10px;"> <br><b>Invoice No:</b></br>
							<br><t style="font-family:courier-new;font-size: 12px;padding-left:10px;" t-esc="doc_id.number"/></br>
							<br><b>Invoice Date:</b></br>
							<br><span t-field="doc_id.date_invoice" t-field-options='{"format": "dd/MM/y"}'/> </br>
							</td>
							<td colspan='5' width='70%' style="border: 0px solid black; padding:1px;">
							<img class ="img img-responsive" src="/tax_invoice/static/img/images.jpeg" width='100px' height='0px'/>
							</td>

							</tr>
							<tr style="font-family:courier-new;font-size: 12px;padding-left:10px;">
							<td colspan='2' width='50%' style="font-family:courier-new;font-size: 12px;padding-left:10px;"> 
										   <b>Consignee</b><br/>
							<b><t t-esc="doc_id.partner_id.name"/></b><br/>
							<t t-esc="doc_id.partner_id.street"/><br/>
							<t t-esc="doc_id.partner_id.city"/><br/>
							<t t-esc="doc_id.partner_id.phone"/><br/>
							<t t-esc="doc_id.partner_id.fax"/>
							<t t-esc="doc_id.partner_id.email"/>
							<t t-esc="doc_id.partner_id.website"/>

<td colspan='5'  width='50%'>  
<table id="child" width="100%" >                           
						<tr> 
							<td width="50%" style="font-family:courier-new;font-size: 12px;">
								<b>Buyer's Order No:</b>
								<br><t t-esc="doc_id.name"/>  </br>

							</td>
							<td width="50%" style="font-family:courier-new;font-size: 12px;">
								<b>Currency</b>
								<br><t t-esc="doc_id.currency_id.name"/>  </br>
								
							</td>
						</tr>
						<tr>
							<td width="50%" style="font-family:courier-new;font-size: 12px;">
								<b>Despatch Document No: </b>
								<br><t t-esc="docs.name(doc_id)"/>  </br>
							</td>
							<td width="50%" style="font-family:courier-new;font-size: 12px;">
								<b>Date:</b><br/>
							<span t-esc="time.strftime('%d/%M/%y',time.strptime(docs.min_date(doc_id),'%Y-%m-%d %H:%M:%S'))"/>
							</td>
						</tr>
						<tr>
							<td  width="50%" style="font-family:courier-new;font-size: 12px;">
								<b>Despatch Through: </b>
								
							</td>
							<td width="50%" style="font-family:courier-new;font-size: 12px;">
								<b>Destination:</b>
								<br><t t-esc="doc_id.partner_id.city"/></br>
							</td>
						</tr>	
				  </table>	
  </td>
</td>
</tr>

<tr style="font-family:courier-new;font-size: 12px;padding-left:10px;">
<td colspan = '2' class="tabs" style="font-family:courier-new;font-size: 12px;padding-left:10px;">
<t t-foreach="doc_id.bank_det" t-as="bank">
	<b>Bank Details:</b>
<table class="tabs" width="100%" style="font-family:courier-new;font-size: 12px;padding-left:10px;">

<tr>
	<td class="tabs" width="45%">Bank AC No </td>
	<td class="tabs" width="5%">:</td>
	<td class="tabs" width="50%"><span t-field="bank.acc_number"/></td>
</tr>
<tr>
	<td class="tabs" width="45%">Bank Name </td>
	<td class="tabs" width="5%">:</td> 
    <td class="tabs" width="50%"><span t-field="bank.bank_name"/></td>
</tr>
<tr>
	<td class="tabs" width="45%">Bank IFSC </td>
	<td class="tabs" width="5%">:</td> 
    <td class="tabs" width="50%"><span t-field="bank.bank_bic"/></td>
</tr>
</table>
</t>
</td>

<td colspan = '5' style="font-family:courier-new;font-size: 12px;padding-left:10px;"> 
	<table class="tabs" width="100%">

<tr>
	<td class="tabs" width="45%"><b>Company'sVAT/TIN No </b> </td>
	<td class="tabs" width="5%">:</td>
	<td class="tabs" width="50%"><t t-esc="doc_id.company_id.partner_id.tin_number"/></td>
</tr>
<tr>
	<td class="tabs" width="45%"><b>Company's CST No</b> </td>
	<td class="tabs" width="5%">:</td> 
    <td class="tabs" width="50%"><t t-esc="doc_id.company_id.partner_id.cst_number"/></td>
</tr>
<tr>
	<td class="tabs" width="45%"><b>Company's Tax No</b> </td>
	<td class="tabs" width="5%">:</td> 
    <td class="tabs" width="50%"><t t-esc="doc_id.company_id.partner_id.servicetaxnumber"/></td>
</tr>
<tr>
	<td class="tabs" width="45%"><b>Company's PAN No</b> </td>
	<td class="tabs" width="5%">:</td> 
    <td class="tabs" width="50%"><t t-esc="doc_id.company_id.partner_id.pan_number"/></td>
</tr>
</table>

 </td>
</tr>

</table>


<table class="table table-bordered " width="100%">
<thead>
<tr>

           <th  style="text-align:center;font-family:courier-new;font-size: 12px;"><b>No</b></th>
           <th  style="text-align:center;font-family:courier-new;font-size: 12px;"><b>Description</b></th>
           <th style="text-align:center;font-family:courier-new;font-size: 12px;"><b>Uom</b></th>
           <th style="text-align:center;font-family:courier-new;font-size: 12px;"><b>Qty</b></th>
           <th width="10%" style="text-align:center;font-family:courier-new;font-size: 12px;"><b> Unit Rate</b></th>
           <th style="text-align:center;font-family:courier-new;font-size: 12px;"><b>Taxes</b></th>
           <th style="text-align:center;font-family:courier-new;font-size: 12px;"><b>Amount</b></th>    

 </tr>
</thead>
		
<t t-set="counter" t-value="1"/>
<t t-foreach="doc_id.invoice_line_ids" t-as="doc">
<tr style="font-family:courier-new;font-size: 12px;">
<td style="text-align:center">
	<t t-esc="counter"/><t t-set="counter" t-value="counter+1"/> </td>
<td style="text-align:center"> <t t-esc="doc.name"/> </td>
<td style="text-align:center"> units </td>
<td style = "text-align:center"> <t t-esc="doc.quantity"/></td>
<td style = "text-align:right"> <t t-esc="docs.price_unit(doc.price_unit)"/> </td>
<td> <t t-esc="doc.invoice_line_tax_ids.name"/></td>
<td style = "text-align:right"> <t t-esc="docs.price_subtotal(doc.price_subtotal)"/></td>
</tr>
</t>

<tr style="font-family:courier-new;font-size: 12px;">
<td colspan='5'></td><br/>
<td> <b>Subtotal</b></td>
<td style = "text-align:right;font-family:courier-new;font-size: 12px;"> <t t-esc="doc_id.amount_untaxed"/>0</td>
</tr>
<tr style="font-family:courier-new;font-size: 12px;">
<td colspan='5'></td>
<td><b> Tax</b></td>
<td style = "text-align:right;font-family:courier-new;font-size: 12px;"> <t t-esc="doc_id.amount_tax"/>0</td>
</tr>

<tr style="font-family:courier-new;font-size: 12px;">
<td colspan='5'></td>
<td> <b>Total </b></td>
<td style = "text-align:right;font-family:courier-new;font-size: 12px;"> <t t-esc="doc_id.amount_total"/>0</td>
</tr>

<tr style="font-family:courier-new;font-size: 12px;">
<td colspan='7'> 
<b><t t-esc="docs.amount_total(doc_id)"/></b></td>
</tr>
</table>






<h6> Please mention invoice# while effective remittance. Any disputes about this invoice has to come to our
attention within 7 days. If not, payable as stated on invoice.
<t t-esc="doc_id.company_id.name"/></h6>

<br/>
<br/>
<br/>
<br/>
<br/>
<br/>
<br/>
<br/>
<br/>
<br/>
<h6 style = "text-align:right"><b>Authorized Signatory</b></h6>

</t>
</div>  
</div>
</t>

</template>
</data>
</openerp>



