<?xml version="1.0" encoding="UTF-8"?>

<openerp>
    <data>
         <record id="employee_sequence_type_view" model="ir.sequence.type">
            <field name="name">Employee Sequence type</field>
            <field name="code">employee.code.sequence</field>
        </record>

        <record id="employee_sequence_view" model="ir.sequence">
            <field name="name">Employee Sequence</field>
            <field name="code">employee.code.sequence</field>
            <field name="prefix">MPENQ</field>
            <field name="padding">5</field>
            <field name="company_id" eval="False"/>
        </record>
    </data>
</openerp>
