<openerp>
	<data>
		<record id="crm_manpower_seq" model="ir.ui.view">
				<field name="name">crm.lead.inherit</field>
				<field name="model">crm.lead</field>
				<field name="inherit_id" ref="fnet_mline_manpower.crm_oppor_form_inherit_hr"/>
				<field name="arch" type="xml">     
					 <xpath expr="//form/sheet/div/label[@for='seq_no']" position="replace">
				<div class="oe_title">
					<label for="seq_no" class="oe_edit_only"/>
                     <h1><field name="seq_no"/></h1>
                    </div> 
                </xpath>            
				</field> 
		</record>
	</data>
</openerp>
