<?xml version="1.0" encoding="utf-8"?>
<openerp>
  <data> 
      
    <record id="view_hr_contract_mline_rule" model="ir.ui.view">
            <field name="name">view.hr.contract.mline.rule</field>
            <field name="model">hr.contract</field>
            <field name="inherit_id" ref="hr_contract.hr_contract_view_form"/>
            <field name="arch" type="xml">
                
                <xpath expr='//form/sheet/notebook/page/group/group/field[@name="wage"]' position="attributes">
                    <attribute name="required">False</attribute>
                </xpath>
                <xpath expr='//form/sheet/notebook/page/group/group/field[@name="wage"]' position="attributes">
                    <attribute name="invisible">True</attribute>
                </xpath>
                <xpath expr='//form/sheet/notebook/page[@string="Work Permit"]' position="attributes">
                    <attribute name="invisible">True</attribute>
                </xpath>
                
                 <xpath expr="//page[@string='Work Permit']" position="after">
                     <page string="Salary Structure">
                         <field name="contract_line">
                             <tree string="Salary Structure" editable="bottom">
                                 <field name="rule_id"/>
                                 <field name="amount"/>
                             </tree>
                         </field>
                         <group class="oe_subtotal_footer oe_right" colspan="2" name="Net">
							 <field name="gross_total" widget='monetary'/>
                             <div class="oe_subtotal_footer_separator oe_inline">
                               <label for="net_total" />
                             </div>
                            <field name="net_total" nolabel="1" class="oe_subtotal_footer_separator" widget='monetary'/>
                        </group>
                        <div class="oe_clear"/>
                     </page>
                     <page string="Salary Hours">
						 <group>
							 <group>
								 <field name="normal_price"/>
								 <field name="ot_price"/>
								 <field name="holiday_price"/>
							 </group>
							 <group>
								 <div>
								 <p>
								 Normal Price based on salary structure (Gross/30 days) /8 hours
								 </p>
								 <p>
								 OT Price based on salary structure (basic/30 days) / 8 hours) * 1.25
								 </p>
								 <p>
								 Holiday Price based on salary structure (basic/30 days) /8 hours) * 1.50
								 </p>
								 </div>
							 </group>
						  </group>
					 </page>
                 </xpath>
            </field>
    </record>
        
      
  </data>          
</openerp>


