<?xml version="1.0" encoding="utf-8"?>
<openerp>
    <data noupdate="1">

        <!-- Sequences for CRM Opportunity -->
        <record id="seq_type_payroll" model="ir.sequence.type">
            <field name="name">Payroll</field>
            <field name="code">mline.payroll</field>
        </record>

        <record id="seq_type_payroll_seq" model="ir.sequence">
            <field name="name">Payroll</field>
            <field name="code">mline.payroll</field>
            <field name="prefix">Slip/</field>
            <field name="padding">4</field>
            <field name="company_id" eval="False"/>
        </record>

    </data>
</openerp>
