<?xml version="1.0" encoding="utf-8"?>
<openerp>
  <data> 
      
        <record id="purchase.purchase_form_action" model="ir.actions.act_window">
            <field name="name">Purchase Orders</field>
            <field name="type">ir.actions.act_window</field>
            <field name="res_model">purchase.order</field>
            <field name="view_mode">tree,form,graph,calendar</field>
            <field name="context">{}</field>
            <field name="domain">[]</field>
            <field name="search_view_id" ref="purchase.view_purchase_order_filter"/>
            <field name="help" type="html">
              <p class="oe_view_nocontent_create">
                Click to create a quotation that will be converted into a purchase order. 
              </p><p>
                Use this menu to search within your purchase orders by
                references, supplier, products, etc. For each purchase order,
                you can track the related discussion with the supplier, control
                the products received and control the supplier invoices.
              </p>
            </field>
        </record>
        
		<delete model="ir.ui.menu" id="purchase.menu_purchase_rfq" />
    
      
  </data>          
</openerp>


