<?xml version="1.0" encoding="utf-8"?>
<openerp>
<data>
	
		 <record id="paperformat_newinvoices" model="report.paperformat">
            <field name="name">European A4 Debit</field>
            <field name="default" eval="True" />
            <field name="format">A4</field>
            <field name="page_height">0</field>
            <field name="page_width">0</field>
            <field name="orientation">Portrait</field>
            <field name="margin_top">5</field>
            <field name="margin_bottom">5</field>
            <field name="margin_left">5</field>
            <field name="margin_right">5</field>
            <field name="header_line" eval="False" />
            <field name="header_spacing">20</field>
            <field name="dpi">90</field>
        </record>
        
    <record id="fnet_new_invoice.invoices_report" model="ir.actions.report.xml">
        <field name="paperformat_id" ref="fnet_new_invoice.paperformat_newinvoices"/>
    </record>	
<template id="report_invoices">
    <t t-call="report.html_container">
        <t t-foreach="doc" t-as="o">
			<div class="page">
			<style type="text/css">
			table.table-bordered{
					border:1px solid blue;
					margin-top:0px;
					margin-bottom:0px;
				  }
		table.table-bordered > thead > tr > th{
						border:1px solid black; 
					}
		table.table-bordered > tbody > tr > td{
						border:1px solid black;
						 overflow:auto;height:270px;
					}
		table.table-bordered > tfoot > tr > td{
						border:1px solid black;
					}					
		.row{
    border: 1px solid black;
    border-bottom: 0px solid black;
    border-collapse: collapse;
}		
table.table-condensed{
	margin-bottom:0px;}
			</style>
			<body>			
				<div  class="row">
		        <table width="100%" class="table table-condensed">
		        <tr>
		        <td  style="vertical-align:top;border-right: 1px solid black;" class="text-left" width="20%"><img t-if="o.company_id.logo" t-att-src="'data:image/png;base64,%s' % o.company_id.logo" class="image"/></td>
		        <td style="vertical-align:top" width="80%">
						<center><t t-esc="docs.get_com(o)"/><br/>
						<span t-field='o.company_id.street'/><br/><span t-field='o.company_id.street2'/><br/>
						<span t-field='o.company_id.city'/>, <span t-field='o.company_id.state_id.name'/>- <span t-field='o.company_id.zip'/>,<br/>Phone :<span t-field='o.company_id.phone'/>
						</center>
		        </td>
		        </tr>
		        </table>
				</div>
				<div style="padding:0px;" class="row">
					<div style="padding:0px;" class="col-xs-7">
						<table style="width:100%;" cellpadding="0" cellspacing="0">
							<tr>
								<td>GSTIN Number:</td>
								<td style="border-right: 1px solid black;"></td>
							</tr>
							<tr>
								<td>Tax Is Payable On Reverse Charge:</td>
								<td style="border-right: 1px solid black;"></td>
							</tr>
							<tr>
								<td>Invoice Number:</td>
								<td style="border-right: 1px solid black;"></td>
							</tr>
							<tr>
								<td>Invoice Date:</td>
								<td style="border-right: 1px solid black;"></td>
							</tr>									
						</table>
					</div>
					<div style="padding:0px;" class="col-xs-5">
						<table style="width:100%;" cellpadding="0" cellspacing="0">
							<tr>
								<td>Transportation Mode:</td>
								<td></td>
							</tr>
							<tr>
								<td>Veh.No:</td>
								<td></td>
							</tr>
							<tr>
								<td>Date and Time Of Supply:</td>
								<td></td>
							</tr>
							<tr>
								<td>Place Of Supply:</td>
								<td></td>
							</tr>									
						</table>
					</div>
				</div>
				<div style="padding:0px;" class="row" >
					<div style="padding:0px;" class="col-xs-12" >
						<table style="width:100%;" cellpadding="0" cellspacing="0">
    <tr>
      <td colspan="2" style="border:1px solid black;text-align:center;background-color: #eaedf2;">Detail Of Receiver(Billed To)</td>
      <td colspan="2" style="border:1px solid black;text-align:center;background-color: #eaedf2;">Detail Of Consignee(Shipped To)</td>
    </tr>
    <tr>
      <td>Name:</td>
      <td style="border-right:1px solid black;"></td>
      <td>Name:</td>
      <td style="border-right:1px solid black;"></td>
    </tr>
    <tr>
      <td>Address:</td>
      <td style="border-right:1px solid black;"></td>
      <td>Address:</td>
      <td style="border-right:1px solid black;"></td>
    </tr>
    <tr>
      <td>State:</td>
      <td style="border-right:1px solid black;"></td>
      <td>State:</td>
      <td style="border-right:1px solid black;"></td>
    </tr>
    <tr>
      <td>State Code:</td>
      <td style="border-right:1px solid black;"></td>
      <td>State Code:</td>
      <td style="border-right:1px solid black;"></td>
    </tr>
    <tr>
      <td>GSTIN Number:</td>
      <td style="border-right:1px solid black;"></td>
      <td>GSTIN Number:</td>
      <td style="border-right:1px solid black;"></td>
    </tr>
  </table>
</div>
</div>

					<div class="row" style="border:0px;">
					<div class="col-xs-12" style="padding:0px;">									
					<table  class="table table-bordered table-condensed" cellpadding="0" cellspacing="0">					
					<thead>
					<tr>						 
					<th style="border:1px solid black;background-color: #eaedf2;" rowspan="2">S.No</th>
					<th style="border:1px solid black;background-color: #eaedf2;" rowspan="2">Description Of Goods</th>
					<th style="border:1px solid black;background-color: #eaedf2;" rowspan="2">HSN Code</th>
					<th style="border:1px solid black;background-color: #eaedf2;" rowspan="2">Qty</th>
					<th style="border:1px solid black;background-color: #eaedf2;" rowspan="2">UOM</th>
					<th style="border:1px solid black;background-color: #eaedf2;" rowspan="2">Rate</th>
					<th style="border:1px solid black;background-color: #eaedf2;" rowspan="2">Total</th>
					<th style="border:1px solid black;background-color: #eaedf2;" rowspan="2">Discount</th>
					<th style="border:1px solid black;background-color: #eaedf2;" rowspan="2">Taxable Value</th>
					<th style="border:1px solid black;background-color: #eaedf2;"  colspan="2">CGST</th>
					<th style="border:1px solid black;background-color: #eaedf2;"  colspan="2">SGST</th>
					<th style="background-color: #eaedf2;border:1px solid black;"  colspan="2">IGST</th>
					</tr>
					<tr>						 				
					<th style="border:1px solid black;background-color: #eaedf2;" >Rate</th>					
					<th style="border:1px solid black;background-color: #eaedf2;" >Total</th>
					<th style="border:1px solid black;background-color: #eaedf2;" >Rate</th>					
					<th style="border:1px solid black;background-color: #eaedf2;" >Total</th>	
					<th style="border:1px solid black;background-color: #eaedf2;" >Rate</th>					
					<th style="border:1px solid black;background-color: #eaedf2;" >Total</th>						 					 					
					</tr>
					</thead>			
					 <tbody>	
					<tr >
					<td></td>
					<td></td>
					<td></td>
					<td></td>
					<td></td>
					<td></td>
					<td></td>
					<td></td>
					<td></td>
					<td></td>
					<td></td>
					<td></td>
					<td></td>
					<td></td>
					<td></td>
					</tr>
					</tbody>					
					<tfoot>
					<tr >
					<td style="background-color: #eaedf2;"></td>
					<td style="background-color: #eaedf2;"></td>
					<td style="background-color: #eaedf2;"></td>
					<td style="background-color: #eaedf2;"></td>
					<td style="background-color: #eaedf2;"></td>
					<td style="background-color: #eaedf2;"></td>
					<td style="background-color: #eaedf2;"></td>
					<td style="background-color: #eaedf2;"></td>
					<td style="background-color: #eaedf2;"></td>
					<td style="background-color: #eaedf2;"></td>
					<td style="background-color: #eaedf2;"></td>
					<td style="background-color: #eaedf2;"></td>
					<td style="background-color: #eaedf2;"></td>
					<td style="background-color: #eaedf2;"></td>
					<td style="background-color: #eaedf2;"></td>
					</tr>	
					<tr>
					<td style="text-align:center;border-bottom:1px solid black;padding:0px;" colspan='9' rowspan='6'><div style="text-align:center;border-bottom:1px solid black;padding:0px;background-color: #eaedf2;">Invoice Value(In Words)</div></td>
					<td style="text-align:right;padding:0px;padding-right:3px;background-color: #eaedf2;" colspan='5'>Total</td>
					<td style="text-align:right;padding:0px;background-color: #eaedf2;"></td>
					</tr>
					<tr><td style="text-align:right;padding:0px;padding-right:3px;" colspan='5'>Freight Charges</td><td></td></tr>
					<tr><td style="text-align:right;padding:0px;padding-right:3px;" colspan='5'>Loading &amp; Packing Charges</td><td></td></tr>
					<tr><td style="text-align:right;padding:0px;padding-right:3px;" colspan='5'>Insurance Charges</td><td></td></tr>
					<tr><td style="text-align:right;padding:0px;padding-right:3px;" colspan='5'>Other Charges</td><td></td></tr>
					<tr><td style="text-align:right;padding:0px;padding-right:3px;background-color: #eaedf2;" colspan='5'>Invoice Total</td><td style="text-align:right;padding:0px;padding-right:3px;background-color: #eaedf2;"></td></tr>
					<tr>
					<td  style="text-align:right;padding:0px;padding-right:3px;background-color: #eaedf2;" colspan='9'>Amount Of Tax Subject To Reverse Charge</td>
					<td style="text-align:right;padding:0px;background-color: #eaedf2;"></td>
					<td style="text-align:right;padding:0px;background-color: #eaedf2;"></td>
					<td style="text-align:right;padding:0px;background-color: #eaedf2;"></td>
					<td style="text-align:right;padding:0px;background-color: #eaedf2;"></td>
					<td style="text-align:right;padding:0px;background-color: #eaedf2;"></td>
					<td style="text-align:right;padding:0px;background-color: #eaedf2;"></td>
					</tr>				
					</tfoot>
					</table>
					</div>
					</div>
<div style="padding:0px;page-break-after:always;" class="row" >
	<div style="padding:0px;" class="col-xs-12" >
	<table style="width:100%;" cellpadding="0" cellspacing="0">
    <tr>
      <td width="60%" colspan="2" style="padding:0px;border-right:1px solid black;border-bottom:1px solid black;text-align:center;font-size:12px;background-color: #eaedf2;">Certified that the particulars given above are true &amp; correct</td>
      <td width="40%"  colspan="2" style="padding:0px;border-bottom:1px solid black;text-align:center;font-size:12px;background-color: #eaedf2;">Electronice Reference Number</td>
    </tr>
    <tr>
      <td><br/></td>
      <td style="border-right:1px solid black;"><br/></td>
      <td><br/></td>
      <td style="border-right:1px solid black;"><br/></td>
    </tr>
    <tr>
      <td><br/></td>
      <td style="border-right:1px solid black;"><br/></td>
      <td><br/></td>
      <td style="border-right:1px solid black;"><br/></td>
    </tr>
       <tr>
      <td width="50%" colspan="2" style="background-color: #eaedf2;padding:0px;border-top:1px solid black;border-right:1px solid black;border-bottom:1px solid black;text-align:center;font-size:12px;">Terms And Conditions</td>
      <td width="50%"  colspan="2" style="background-color: #eaedf2;padding:0px;border-top:1px solid black;border-bottom:1px solid black;text-align:center;font-size:12px;">Company</td>
    </tr>
    <tr>
      <td><br/></td>
      <td style="border-right:1px solid black;padding:0px;font-size:12px;"><br/></td>
      <td><br/></td>
      <td style="border-right:1px solid black;padding:0px;font-size:12px;"><br/></td>
    </tr>
    <tr>
      <td></td>
      <td style="border-right:1px solid black;padding:0px;font-size:12px;"></td>
      <td style="padding:0px;font-size:12px;">Signature</td>
      <td style="border-right:1px solid black;padding:0px;font-size:12px;"></td>
    </tr>    
    <tr>
      <td width="50%" style="padding:0px;font-size:12px;" colspan="2"></td>
      <td width="50%"  colspan="2" style="background-color: #eaedf2;padding:0px;border:1px solid black;text-align:center;font-size:12px;">Authorised Signature</td>
    </tr>
    <tr>
      <td></td>
      <td style="padding:0px;border-right:1px solid black;font-size:12px;"></td>
      <td style="padding:0px;font-size:12px;">Name</td>
      <td style="padding:0px;border-right:1px solid black;font-size:12px;"></td>
    </tr>
    <tr>
      <td style="padding:0px;border-bottom:1px solid black;font-size:12px;"></td>
      <td style="padding:0px;border-bottom:1px solid black;border-right:1px solid black;font-size:12px;"></td>
      <td style="padding:0px;border-bottom:1px solid black;font-size:12px;">Designation</td>
      <td style="padding:0px;border-bottom:1px solid black;border-right:1px solid black;font-size:12px;"></td>
    </tr>
  </table>
</div>
</div>				
</body>
</div>
</t>
</t>
</template>
</data>
</openerp>
<!--
		<div class="page">
           <style type="text/css">
			   #main{
			   border:1px solid black;
			  
			   }

                    </style>
<table id='main' style="width:100%; padding:5px;" cellpadding="0" cellspacing="0">
	<tr>
		<td>
			<table style="width:100%;" cellpadding="0" cellspacing="0">
				<tr>
					<td width="20%" style="vertical-align:middle;">
					<img t-if="o.company_id.logo" t-att-src="'data:image/png;base64,%s' % o.company_id.logo" class="image"/>
					</td>
					<td width="80%">
					<div style="font-size:15px"><b><span t-esc="docs.get_com(o)"/></b></div>
					<div><span t-field='o.company_id.street'/>,<span t-field='o.company_id.street2'/></div>
					<div><span t-field='o.company_id.city'/>, <span t-field='o.company_id.state_id.name'/>- <span t-field='o.company_id.zip'/>,Phone :<span t-field='o.company_id.phone'/></div>
					<div>TIN : <span t-field='o.company_id.tin_no'/> CST No : <span t-field='o.company_id.tin_no'/></div>
					</td>
				</tr>
			</table>
		</td>
	</tr>
	<tr style="border-top:1px solid silver">
		<td>
			<table style="width:100%;" cellpadding="0" cellspacing="0">
					<tr>
						<td width="60%">
							<div>
								<table>
									<tr>
									<td>GST Number</td>
									<td></td>
									</tr>
									<tr>
									<td>Tax Is Payable On Reverse Charge</td>
									<td></td>
									</tr>
									<tr>
									<td>Invoice Number</td>
									<td></td>
									</tr>
									<tr>
									<td>Invoice Date</td>
									<td></td>
									</tr>									
								</table>
							</div>
						</td>
						<td width="40%">
								<table>
									<tr>
									<td>Transportation Mode</td>
									<td></td>
									</tr>
									<tr>
									<td>Veh.No</td>
									<td></td>
									</tr>
									<tr>
									<td>Date and Time Of Supply</td>
									<td></td>
									</tr>
									<tr>
									<td>Place Of Supply</td>
									<td></td>
									</tr>									
								</table>
						</td>
					</tr>
			</table>
		</td>
	</tr>
 	<tr style="border-top:1px solid silver">
		<td>
			<table style="width:100%;" cellpadding="0" cellspacing="0">
					<tr>
						<td width="60%" >
							<div>
								<table>
									<tr>
									<td>GST Number</td>
									<td></td>
									</tr>
									<tr>
									<td>Tax Is Payable On Reverse Charge</td>
									<td></td>
									</tr>
									<tr>
									<td>Invoice Number</td>
									<td></td>
									</tr>
									<tr>
									<td>Invoice Date</td>
									<td></td>
									</tr>									
								</table>
							</div>
						</td>
						<td width="40%">
								<table>
									<tr>
									<td>Transportation Mode</td>
									<td></td>
									</tr>
									<tr>
									<td>Veh.No</td>
									<td></td>
									</tr>
									<tr>
									<td>Date and Time Of Supply</td>
									<td></td>
									</tr>
									<tr>
									<td>Place Of Supply</td>
									<td></td>
									</tr>									
								</table>
						</td>
					</tr>
			</table>
		</td>
	</tr>                    
	<tr>
		<td>
				<table style="width:100%;" cellpadding="0" cellspacing="0">
					<tr>					
					<td width="2%">S.No</td>
					<td width="20%">Description Of Goods</td>
					<td width="8%">HSN Code.</td>
					<td width="5%">Qty</td>
					<td width="5%">UOM</td>
					<td width="7%">Rate</td>
					<td width="10%">Total</td>
					<td width="5%">Discount</td>
					<td width="8%">Taxable Value</td>
					<td colspan="2" width="10%">CGST</td>
					<td colspan="2" width="10%">SGST</td>
					<td colspan="2" width="10%">IGST</td>
					</tr>
					<tr>					
					<td width="2%"></td>
					<td width="20%"></td>
					<td width="8%"></td>
					<td width="5%"></td>
					<td width="5%"></td>
					<td width="7%"></td>
					<td width="10%"></td>
					<td width="5%"></td>
					<td width="8%"></td>
					<td width="5%">Rate</td>
					<td width="5%">Amount</td>
					<td width="5%">Rate</td>
					<td width="5%">Amount</td>
					<td width="5%">Rate</td>
					<td width="5%">Amount</td>                                                                                
					</tr>
					<tr>
					<td colspan="8" style="padding:0;margin:0;font-size:14px">
					<div style="height:440px;overflow:hidden;">
					<table style="width:100%;height:440px" cellpadding="0" cellspacing="0">
									<tr>
										<td>
										<table style="width:100%;" cellpadding="0" cellspacing="0">
														<t t-set="counter" t-value="1"/>
			
														<tr t-foreach="docs.get_invoice_tn_obj(o)" t-as="inv_line" >
														<td width="5%" height="30">
														<span t-esc="counter"/>
														<t t-set="counter" t-value="counter+1"/>
														</td>
														<td width="40%" style="text-align:left">
														<span t-esc="inv_line['prod']"/>
														</td>
														<td width="5%">
														<span t-esc="'{:,.2f}'.format(inv_line['qty'])"/>
														</td>
														<td width="10%" style="text-align:right">
														<span t-esc="inv_line['uom']"/>
														</td>
														<td width="10%" style="text-align:right">
														<span t-esc="'{:,.2f}'.format(inv_line['rate'])"/>
														</td>
														<td width="10%" style="text-align:right">
														<span t-esc="'{:,.2f}'.format(inv_line['case_qty'])"/>
														</td>
														<td width="10%" style="text-align:right">
														<span t-esc="'{:,.2f}'.format(inv_line['mrp'])"/>
														</td>
														<td width="10%" style="text-align:right">
														<span t-esc="'{:,.2f}'.format(inv_line['value'])"/>
													</td>
												  </tr>
			
										 </table>
								</td>
								</tr>
						</table>
					</div>
					</td>
					</tr>
					<tr>
						<td colspan="6" rowspan="1" width="80%" style="text-align:left;border-top:1px solid silver;vertical-align:bottom">
						<div style="width:40%;float:left;">Payment due date for this Invoice</div>
						<div style="width:30%;float:left;"><span t-field='o.date_due'/> </div><br/>
						</td>
						<td width="10%" height="10" style="text-align:right;border-top:1px solid silver">Gross Amount</td>
						<td width="10%" style="text-align:right;border-top:1px solid silver"><span/></td>
					</tr> 
		</table>
	</td>
</tr>
</table>
</div>
-->

