<openerp>
	<data>
		<record model="ir.ui.view" id="purchase_order_view_inherit">
			<field name="name">purchase.order.view.inherit1</field>
			<field name="model">purchase.order</field>
			<field name="inherit_id" ref="purchase.purchase_order_form"/>
			<field name="arch" type="xml">
				<xpath expr="/form/sheet/notebook/page/field[@name='order_line']/tree/field[@name='price_unit']" position="after">
					<field name="discounts"/>
				</xpath>
				<xpath expr="/form/sheet/notebook/page/field[@name='order_line']/tree/field[@name='taxes_id']" position="before">
					<field name="disc_price_unit"/>
					<field name="gross_amount"/>
					<field name="product_discount" />					
				</xpath>
				
			</field>
		</record>

	</data>
</openerp>
