<openerp>
<data>
<record id="sample_partner_form_2" model="ir.ui.view">
            <field name="name">res.partner.sample.inherit</field>
            <field name="model">res.partner</field>
            <field name="inherit_id" ref="base.view_partner_form"/>
            <field name="arch" type="xml">
            <xpath expr="//field[@name='email']" position="after">                                                                                                                                                                                                                                                                                                                                                                                                                                 				
				<field name="tin_number" attrs="{'required':[('is_company','=',True)]}"/>
				<field name="cst_number" attrs="{'required':[('is_company','=',True)]}"/>
				
     </xpath>
            
 </field> 
</record>


</data>
</openerp>
