<?xml version="1.0" encoding="utf-8"?>
<openerp>
    <data noupdate="1">

        <!-- Sequences for res.partner -->
<!--
        <record id="seq_type_res_partner" model="ir.sequence.type">
            <field name="name">Partner</field>
            <field name="code">res.partner</field>
        </record>
-->

        <record id="seq_res_partner" model="ir.sequence">
            <field name="name">Partner</field>
            <field name="code">res.partner</field>
            <field name="prefix">PA</field>
            <field name="padding">5</field>
            <field name="company_id" eval="False"/>
        </record>

    </data>
</openerp>
