<?xml version="1.0" encoding="utf-8"?>
<openerp>
  <data>
	  
	   <record model="ir.ui.view" id="invoice_inherit_lead">
            <field name="name">invoice.inherit.lead</field>
            <field name="model">account.invoice</field>
            <field name="inherit_id" ref="account.invoice_supplier_form"/>
            <field name="arch" type="xml">
				
				<field name="currency_id" position='after'>
				   <field name="lead_id"/>
				</field>
	        </field>
	   </record>
	   
	   <record model="ir.ui.view" id="invoice_inherit_form">
            <field name="name">invoice.inherit.form</field>
            <field name="model">account.invoice</field>
            <field name="inherit_id" ref="account.invoice_form"/>
            <field name="arch" type="xml">
				
				
				<xpath expr="/form/sheet/group/group//field[@name='account_id']" position='after'>
					<field name="lp_no"/>
					<field name="customer_po"/>
				</xpath>
				<xpath expr="/form/sheet/group/group//field[@name='fiscal_position']" position='after'>
					<field name="res_bank_id"/>
					<field name="lpo_no"/>
				</xpath>
	        </field>
	   </record>
	   
	  <record model="ir.ui.view" id="invoice_inherit_account_move_line">
            <field name="name">invoice.inherit.account.move.line</field>
            <field name="model">account.move</field>
            <field name="inherit_id" ref="account.view_move_form"/>
            <field name="arch" type="xml">
				<xpath expr="/form/notebook/page[@string='Journal Items']/field/form/group//field[@name='ref']" position='after'>
					<field name="job_id" string="Job ID" domain="[('state','!=','draft')]"/>
				</xpath>
				<xpath expr="/form/notebook/page[@string='Journal Items']/field/tree//field[@name='name']" position='after'>
					<field name="job_id" string="Job ID" domain="[('state','!=','draft')]"/>
				</xpath>
				<xpath expr="/form/notebook/page[@string='Journal Items']/field/tree//field[@name='name']" position='attributes'>
					<attribute name="string">Description</attribute>
				</xpath>
				<xpath expr="/form/group/group//field[@name='ref']" position='after'>
					<field name="bvp_no"/>
				</xpath>
				<xpath expr="/form/group/group//field[@name='period_id']" position='after'>
					<field name="paid_to"/>
					<field name="vendor_code"/>
				</xpath>
				
	        </field>
	   </record>
	   
	   <record model="ir.ui.view" id="invoice_inherit_account_voucher">
            <field name="name">invoice.inherit.account.voucher</field>
            <field name="model">account.voucher</field>
            <field name="inherit_id" ref="account_voucher.view_vendor_receipt_form"/>
            <field name="arch" type="xml">
				<xpath expr="/form/sheet/group/group//field[@name='name']" position='attributes'>
					<attribute name="string">Customer Code</attribute>
				</xpath>
				
				<xpath expr="/form/sheet/group/group//field[@name='partner_id']" position='before'>
					<field name="vendor_code"/>
				</xpath>
				
				<xpath expr="/form/sheet/group/group//field[@name='journal_id']" position='after'>
					<field name="bvp_no"/>
				</xpath>
				
				<xpath expr="/form/sheet/group/group//field[@name='reference']" position='attributes'>
					<attribute name="string">RV No</attribute>
				</xpath>
				
				
	        </field>
	   </record>
	   
	   <record model="ir.ui.menu" id="account.menu_action_invoice_tree3">
		  <field name="name">Credit Note</field>
		</record>
		
		<record model="ir.ui.menu" id="account.menu_action_invoice_tree4">
		  <field name="name">Debit Note</field>
		</record>
		
		<record model="ir.ui.menu" id="account_voucher.menu_action_vendor_payment">
		  <field name="name">Supplier Reciept</field>
		</record>
		
		<record model="ir.ui.menu" id="account_voucher.menu_action_vendor_receipt">
		  <field name="name">Customer Reciept</field>
		</record>

  </data>          
</openerp>
