<?xml version="1.0" encoding="utf-8"?>
<openerp>
  <data> 
	  
	 <record id="view_quote_offer_form" model="ir.ui.view">
            <field name="name">view.quote.offer.form</field>
            <field name="model">quote.offer</field>
            <field name="arch" type="xml">
                <form string="Quotation Offer">
					<sheet>
						<group>
							<field name="name"/>
						</group>
				     </sheet>
				 </form>
		   </field>
	   </record>
	   
	 <record id="view_quote_offer_tree" model="ir.ui.view">
            <field name="name">view.quote.offer.tree</field>
            <field name="model">quote.offer</field>
            <field name="arch" type="xml">
                <tree string="Quotation Offer">
					<field name="name"/>
				 </tree>
		   </field>
	   </record>
	   
	 
	   <record id="action_view_quote_offer" model="ir.actions.act_window">
            <field name="name">Quotation Offer</field>
            <field name="res_model">quote.offer</field>
            <field name="view_type">form</field>
            <field name="view_mode">tree,form</field>
            <field name="context">{}</field>
            <field name="view_id" ref="view_quote_offer_tree"/>
            <field name="help" type="html">
                <p class="oe_view_nocontent_create">
                    Click here to define a Quotation Offer.
                </p><p>
                    Create Quotation Offer
                </p>
            </field>
        </record> 
     
     
    
     <menuitem action="action_view_quote_offer"
               id="menu_mline_quote_offer" 
               name="Quote Offer"
               parent="base.menu_crm_config_lead" 
               sequence="7"/> 


 </data>          
</openerp>
