<?xml version="1.0" encoding="utf-8"?>
<openerp>
  <data>
	  
	  <record model="ir.ui.view" id="view_purchase_requisition_form_inherit">
            <field name="name">view.purchase.requisition.form.inherit</field>
            <field name="model">purchase.requisition</field>
            <field name="inherit_id" ref="purchase_requisition.view_purchase_requisition_form"/>
            <field name="arch" type="xml">
				
				<button name="generate_po" position="after">
					<button name="so_quote" string="SO Quote" type="object" states="open" class="oe_highlight"/>
				    <button name="po_confirm" string="PO Confirm" type="object" states="open" class="oe_highlight"/>
				    <button name="view_invoice" string="View Invoice" type="object" states="done" class="oe_highlight"/>
				    <button name="view_income" string="Incoming Product" type="object" states="done" class="oe_highlight"/>
				</button>
				
				<button name="open_rfq" position="before">
				    <button name="req_create_multiple" type="object" icon="gtk-execute" string="Supplier wise Request" attrs="{'invisible': [('state', 'in', ('draft' ,'open','done'))]}"/>
				</button>
				<field name="schedule_date" position="after">
					<field name="lead_seq_id"/>
				</field>
				
				<field name="ordering_date" position="attributes">
					<attribute name="invisible">True</attribute>
				</field>
                
                
<!--
                <xpath expr="//form/sheet/group/group/field[@name='date_end']" position="attributes">
                      <attribute name="string">Date</attribute>
                </xpath>
-->
				<field name="date_end" position="replace">
					<field name="date_end" attrs="{'readonly': [('state','not in',('draft'))]}"/>
				</field>

				
				<xpath expr="//form/sheet/notebook/page/field/tree/field[@name='schedule_date']" position='after'>
				   <field name="part_no"/>
				   <field name="make_no"/>
				   <field name="partner_ids" domain="[('supplier','=',True), ('is_company', '=', True)]" widget="many2many_tags"/>
				</xpath>
				
				<xpath expr="//form/sheet/notebook/page[@string='Products']" position="after">
					<page string="Sale Quote">
						<button name="validate" string="Validate" type="object" states="open" class="oe_highlight"/>
						<field name="sale_line">
							<tree string="Sale Quote" editable="bottom">
							    <field name="select"/>
							    <field name="purchase_id"/>
							    <field name="partner_id"/>
							    <field name="order_code"/>
							    <field name="offer"/>
							    <field name="product_id"/>
							    <field name="product_qty"/>
							    <field name="part_no"/>
							    <field name="make_no"/>
							    <field name="unit_price"/>
							    <field name="total_price"/>
							    <field name="margin_id" widget="selection"/>
							    <field name="margin"/>
							    <field name="margin_price"/>
							</tree>
					     </field>
					 </page>
				</xpath>
				
			</field>
		</record>
		
<!--
		<record model="ir.ui.view" id="view_purchase_requisition_form_inherit">
            <field name="name">view.purchase.requisition.form.inherit</field>
            <field name="model">purchase.requisition</field>
            <field name="inherit_id" ref="purchase_requisition.view_purchase_requisition_tree"/>
            <field name="arch" type="xml">
				
				<field name="date_end" position="attributes">
					<attribute name="string">Date</attribute>
				</field>

		    </field>
		</record>
-->
		
		
		    <act_window
            domain="[('request_id', '=', active_id)]"
            context="{'default_request_id': active_id}"
            id="act_call_to_sale"
            name="Sale Quote"
            res_model="sale.order"
            src_model="purchase.requisition"/>
  </data>
</openerp>
