<?xml version="1.0" encoding="utf-8"?>
<openerp>
    <data>

    <!-- 
    =====================================================
    Invoices Extension
    =====================================================
    -->  

        <record id="account_inv_ext_view_form_crdr" model="ir.ui.view">
            <field name="name">invoice_extended.form.crdr</field>
            <field name="model">account.invoice</field>
            <field name="inherit_id" ref="account.invoice_form"/>
            <field name="arch" type="xml">
                <notebook>
					<page string="Debit-Credit Notes" attrs="{'invisible':['|','|',('type','=','in_refund'),('type','=','out_refund'),('parent_id','!=',False)]}" position="inside">
                        <field name="child_ids" nolabel="1" widget="many2many" domain="[('partner_id','=',partner_id),('id', '!=', active_id),('type','in',['out_invoice', 'out_refund'])]"/>
                    </page>
                </notebook>
            </field>
        </record>

        <record id="account_inv_ext_view_tree_crdr" model="ir.ui.view">
            <field name="name">invoice_extended.tree.crdr</field>
            <field name="model">account.invoice</field>
            <field name="inherit_id" ref="account.invoice_tree"/>
            <field name="arch" type="xml">
                <xpath expr="//field[@name='origin']" position="after">
                    <field name="parent_id"/>
                </xpath>
            </field>
        </record>
        <record id="account_inv_ext_form_crdrc" model="ir.ui.view">
            <field name="name">invoice_ext.form.crdrc</field>
            <field name="model">account.invoice</field>
            <field name="inherit_id" ref="account.invoice_form"/>
            <field name="arch" type="xml">
                <xpath expr="//field[@name='period_id']" position="after">
                    <field name="parent_id" domain="[('partner_id','=',partner_id),('id', '!=', active_id),('type','in',['out_invoice', 'out_refund'])]"/>
                </xpath>
                <xpath expr="//button[@string='Refund Invoice']" position="after">
                    <button name="%(action_account_invoice_debit)d"
                            type='action'
                            string='Debit Note'
                            icon="gtk-execute"
                            attrs="{'invisible':['|',('type','in',('in_refund','out_refund','out_invoice')),('state','=','draft')]}"/>
                </xpath>
            </field>
        </record>
        <record id="account_inv_ext_form_crdrs" model="ir.ui.view">
            <field name="name">invoice_ext.supplier.form.crdr</field>
            <field name="model">account.invoice</field>
            <field name="inherit_id" ref="account.invoice_supplier_form"/>
            <field name="arch" type="xml">
                <xpath expr="//field[@name='period_id']" position="after">
                    <field name="parent_id" domain="[('partner_id','=',partner_id),('id', '!=', active_id),('type','in',['in_invoice', 'in_refund'])]"/>
                </xpath>
                <xpath expr="//button[@string='Ask Refund']" position="replace">
                    <button name="%(account.action_account_invoice_refund)d" type="action"
                        string="Refund Invoice" states="open,paid"
                        help="Create an Refund to pay this invoice, remember validate it this wizard only will relate both invoices."/>
                </xpath>
                <xpath expr="//button[@string='Refund Invoice']" position="after">
                    <button name="%(action_account_invoice_debit)d" 
						type='action' string='Debit Note' states='open,paid' 
						icon="gtk-execute" attrs="{'invisible':['|',('state','in',['proforma2','proforma','cancel', 'draft']),('type','in',['out_refund', 'in_refund'])]}"
						help="A debit note from accounting and fiscal point of view is exactly as an invoice but with a parent invoice related, this module create an invoice automatically with this invoice as parent, remember Debit note will increase the payable and receivable exactly as an invoice." />
                </xpath>
				<xpath expr="//page[@string='Payments']" position="after">
                    <page string="Debit-Credit Notes" attrs="{'invisible':['|','|',('type','=','in_refund'),('type','=','out_refund'),('parent_id','!=',False)]}" position="inside">
                        <field name="child_ids" nolabel="1" widget="many2many" domain="[('partner_id','=',partner_id),('id', '!=', active_id),('type','in',['in_invoice', 'in_refund'])]"/>
                    </page>
                </xpath>
                <xpath expr="//button[@string='Refund Invoice']" position="after">
                    <button name="%(action_account_invoice_parent)d" type="action" string="Parent Invoice" states="open,paid" attrs="{'invisible':[('type','!=','in_refund')]}" 
						help="If you want re-asign a parent invoice and avoid do this repeating all the process this is the button to do that, reasing securely a parent invoice to a debit note or a credit note."/>
                </xpath>
            </field>
        </record>
    </data>
</openerp>
