<?xml version="1.0" encoding="utf-8"?>
<openerp>
  <data> 
      
     <record id="view_stockist_type_form" model="ir.ui.view">
            <field name="name">view.stockist.type.form</field>
            <field name="model">stockist.type</field>
            <field name="arch" type="xml">
                <form string="Stockist Type">
                    <sheet>
                        <group>
                            <group>
                                <field name="name"/>
                                <field name="company_id" groups="base.group_multi_company"/>
                            </group>
                            <group>
                            </group>
                        </group>
                     </sheet>
                 </form>
           </field>
       </record>
       
      <record id="view_stockist_type_tree" model="ir.ui.view">
            <field name="name">view.stockist.type.tree</field>
            <field name="model">stockist.type</field>
            <field name="arch" type="xml">
                <tree string="Stockist Type">
                    <field name="name"/>
                 </tree>
           </field>
       </record>
      
        
       
       <record id="action_view_stockist_type" model="ir.actions.act_window">
            <field name="name">Stockist Type</field>
            <field name="res_model">stockist.type</field>
            <field name="view_type">form</field>
            <field name="view_mode">tree,form</field>
            <field name="context">{}</field>
            <field name="view_id" ref="view_stockist_type_tree"/>
            <field name="help" type="html">
                <p class="oe_view_nocontent_create">
                    Click here to define a Stockist Type.
                </p><p>
                    Create Stockist Type
                </p>
            </field>
        </record> 
     
     
  
        
     <menuitem id="menu_apex_master" 
               name="Master"
               groups="base.group_sale_manager"
               parent="base.menu_base_config" 
               sequence="85"/>
                
     <menuitem action="action_view_stockist_type"
               id="menu_stockist_type" 
               name="Stockist Type"
               groups="base.group_sale_manager"
               parent="menu_apex_master" 
               sequence="1"/>
               
     <record id="view_country_district_form" model="ir.ui.view">
            <field name="name">view.country.district.form</field>
            <field name="model">res.country.district</field>
            <field name="arch" type="xml">
                <form string="District">
                    <sheet>
                        <group>
                            <field name="name"/>
                            <field name="state_id"/>
                            <field name="country_id"/>
                            <field name="company_id" groups="base.group_multi_company"/>
                        </group>
                     </sheet>
                 </form>
           </field>
       </record>
       
      <record id="view_country_district_tree" model="ir.ui.view">
            <field name="name">view.country.district.tree</field>
            <field name="model">res.country.district</field>
            <field name="arch" type="xml">
                <tree string="District">
                    <field name="name"/>
                    <field name="state_id"/>
                    <field name="country_id"/>
                 </tree>
           </field>
       </record>
      
        
       
       <record id="action_view_country_district" model="ir.actions.act_window">
            <field name="name">District</field>
            <field name="res_model">res.country.district</field>
            <field name="view_type">form</field>
            <field name="view_mode">tree,form</field>
            <field name="context">{}</field>
            <field name="view_id" ref="view_country_district_tree"/>
            <field name="help" type="html">
                <p class="oe_view_nocontent_create">
                    Click here to define a State District
                </p><p>
                    Create State District
                </p>
            </field>
        </record> 
                
     <menuitem action="action_view_country_district"
               id="menu_district" 
               name="District"
               groups="base.group_sale_manager"
               parent="menu_apex_master" 
               sequence="2"/>
               
               
      <!-- Lorry Despatch -->         
     <record id="view_lorry_dispatch_form" model="ir.ui.view">
            <field name="name">view.lorry.dispatch.form</field>
            <field name="model">lorry.receipt</field>
            <field name="arch" type="xml">
                <form string="Dispatch">
					<header>
                        <button name="done" string="Done" type="object" states="draft" class="oe_highlight"/>
                        <field name="state" widget="statusbar" statusbar_visible="draft,done" statusbar_colors='{"draft":"blue"}'/>
                    </header>
                    <sheet>
                        <div class="oe_title oe_left">
                            <div class="oe_edit_only">
                                <label for="name"/>
                            </div>
                        <h1>
                            <field name="name" default_focus="1"/>
                        </h1>
                        </div>
                        <group>
                            <group>
                                
                                <field name="partner_id" domain="[('customer', '=', True)]" on_change="onchange_partner_invoice_id(partner_id)"/>
                                <field name="date"/>
                                <field name="tpt_name"/>
                                <field name="method_type"/>
                                <field name="lr_no"/>
                                <field name="company_id" groups="base.group_multi_company"/>
                            </group>
                            <group>
                                <field name="no_case"/>
                                <field name="weight"/>
                                <field name="delivery"/>
                            </group>
                        </group>
                        <notebook>
                            <page string ="Inoices">
                                <field name="lorry_receipt_line">
                                    <tree string="Livoice Line" editable="bottom">
                                        <field name="invoice_id"/>
                                        <field name="date"/>
                                        <field name="del_method"/>
                                        <field name="product_qty"/>
                                        <field name="weight"/>
                                    </tree>
                                </field>
                            </page>
                            <page string="Dispatch Through">
                                <field name="dispatch_through"/>
                            </page>
                        </notebook>
                     </sheet>
                 </form>
           </field>
       </record>
       
      <record id="view_lorry_dispatch_tree" model="ir.ui.view">
            <field name="name">view.lorry.dispatch.tree</field>
            <field name="model">lorry.receipt</field>
            <field name="arch" type="xml">
                <tree string="Despatch">
                    <field name="name"/>
                    <field name="partner_id"/>
                    <field name="tpt_name"/>
                 </tree>
           </field>
       </record>
      
        
       
       <record id="action_view_lorry_dispatch" model="ir.actions.act_window">
            <field name="name">Dispatch</field>
            <field name="res_model">lorry.receipt</field>
            <field name="view_type">form</field>
            <field name="view_mode">tree,form</field>
            <field name="context">{}</field>
            <field name="view_id" ref="view_lorry_dispatch_tree"/>
            <field name="help" type="html">
                <p class="oe_view_nocontent_create">
                    Click here to define a Dispatch.
                </p><p>
                    Create Dispatch
                </p>
            </field>
        </record> 
     
     
                
     <menuitem action="action_view_lorry_dispatch"
               id="menu_lorry_dispatch" 
               name="Dispatch"
               parent="stock.menu_stock_inventory_control" 
               sequence="1"/>
               
      <menuitem id="menu_finance_bank" 
               name="Cheque/DD/Bank"
               parent="account.menu_finance" 
               sequence="3"/> 
                        
      <menuitem id="menu_finance_bank_customer" 
               name="Customer"
               parent="menu_finance_bank" 
               sequence="1"/> 
                        
      <menuitem id="menu_finance_bank_supplier" 
               name="Supplier"
               parent="menu_finance_bank" 
               sequence="2"/>          
               
               <!-- Customer Cheque Details -->
               
     <record id="view_cheque_details_form" model="ir.ui.view">
            <field name="name">view.cheque.details.form</field>
            <field name="model">cheque.details</field>
            <field name="arch" type="xml">
                <form string="Cheque Details">
                    <header>
                        <button name="cancel" string="Cancel" type="object" states="progress" class="oe_highlight"/>
                        <button name="set_to_draft" string="Set to draft" type="object" states="cancel" class="oe_highlight"/>
                        <button name="%(action_check_bounce_details)d" string="Bounce" type="action" attrs="{'invisible': ['|',('type','in',('neft')),('state', '!=', 'progress')]}" class="oe_highlight"/>
                        <button name="progress" string="Progress" type="object" states="draft" class="oe_highlight"/>
                        <button name="done" string="Done" type="object" states="progress" class="oe_highlight"/>
                        <button name="%(action_check_dd_map)d" string="Cheque/DD Maping" type="action" attrs="{'invisible': ['|',('type','in',('neft')),('state', '!=', 'bounce')]}" class="oe_highlight"/>
                        <field name="state" widget="statusbar" statusbar_visible="draft,progress,done" statusbar_colors='{"bounce":"red","progress":"blue"}'/>
                    </header>
                    <sheet>
                        <group>
                            <group>
                                <field name="voucher_id" domain="[('type','=', 'receipt')]"/>
                                <field name="cheque_id"/>
                                <field name="against_id" attrs="{'invisible': [('dd','=',False)]}"/>
                                <field name="partner_id" string="Customer" domain="[('customer','=',True)]"/>
                                <field name="company_id" groups="base.group_multi_company"/>
                            </group>
                            <group>
                                <field name="date"/>
                                <field name="amount"/>
                                <field name="type"/>
                            </group>
                        </group>
                        <notebook>
                            <page string="Cheque/DD Detail">
                                <field name="cheque_details_line">
                                    <tree string="Cheque Details"  editable="bottom">
                                        <field name="invoice_id"/>
                                        <field name="journal_line_id"/>
                                        <field name="original_amount"/>
                                        <field name="open_amount"/>
                                        <field name="amount" sum="Total"/>
                                    </tree>
                                </field>
                            </page>
                            <page string="Information">
                                <group>
                                    <group>
                                        <field name="user_id"/>
                                    </group>
                                    <group>
                                        <field name="close_date" attrs="{'invisible': [('state','not in',('done'))]}"/>
                                    </group>
                                </group>
                            </page>
                            <page string="Bounce Details"  attrs="{'invisible': [('state','not in',('bounce'))]}">
                                <group>
                                    <group>
                                        <field name="bounce_date"/>
                                    </group>
                                    <group>
                                        <field name="bounce_amount"/>
                                        <field name="dd"/>
                                    </group>
                                </group>
                                <field name="description"/>
                                
                            </page>
                        </notebook>
                     </sheet>
                     <div class="oe_chatter">
                        <field name="message_follower_ids" widget="mail_followers" groups="base.group_user"/>
                        <field name="message_ids" widget="mail_thread"/>
                    </div>
                 </form>
           </field>
       </record>
       
      <record id="view_cheque_details_tree" model="ir.ui.view">
            <field name="name">view.cheque.details.tree</field>
            <field name="model">cheque.details</field>
            <field name="arch" type="xml">
                <tree colors="blue:state == 'draft';black:state in ('done');red:state == 'bounce';gray:state == 'cancel'" string="Cheque Detail">
                    <field name="partner_id"/>
                    <field name="voucher_id"/>
                    <field name="cheque_id"/>
                    <field name="date"/>
                    <field name="amount" sum="Total"/>
                    <field name="type"/>
                    <field name="state"/>
                 </tree>
           </field>
       </record>
       
       <record id="view_cheque_details_filter" model="ir.ui.view">
            <field name="name">view.cheque.details.filter</field>
            <field name="model">cheque.details</field>
            <field name="arch" type="xml">
                <search string="Search Details">
                    <filter name="draft" string="Draft" domain="[('state','=','draft')]"/>
                    <filter name="progress" string="Progress" domain="[('state','=','progress')]"/>
                    <filter name="bounce" string="Bounce" domain="[('state','=','bounce')]"/>
                    <filter name="done" string="Done" domain="[('state','=','done')]"/>
                    <separator/>
                    <group expand="0" string="Group By">
                        <filter name="group_by_partner_id" string="Partner" context="{'group_by':'partner_id'}"/>
                        <filter string="Status" context="{'group_by':'state'}"/>
                        <separator/>
                        <filter string="Date" context="{'group_by':'date'}"/>
                    </group>
               </search>
            </field>
        </record>
       
       <record id="action_view_cheque_details" model="ir.actions.act_window">
            <field name="name">Cheque Detail</field>
            <field name="res_model">cheque.details</field>
            <field name="view_type">form</field>
            <field name="view_mode">tree,form</field>
             <field name="domain">[('cus_type','=','customer'), ('type', '=', 'cheque')]</field>
            <field name="context">{}</field>
            <field name="view_id" ref="view_cheque_details_filter"/>
            <field name="help" type="html">
                <p class="oe_view_nocontent_create">
                    Click here to define a Cheque Details.
                </p><p>
                    Create Cheque Details
                </p>
            </field>
        </record>
        
         <record id="action_vendor_customer_receipt_tree" model="ir.actions.act_window.view">
            <field eval="1" name="sequence"/>
            <field name="view_mode">tree</field>
            <field name="act_window_id" ref="action_view_cheque_details"/>
        </record>
        <record id="action_vendor_customer_receipt_form" model="ir.actions.act_window.view">
            <field eval="2" name="sequence"/>
            <field name="view_mode">form</field>
            <field name="view_id" ref="view_cheque_details_form"/>
            <field name="act_window_id" ref="action_view_cheque_details"/>
        </record> 
        
        
     <menuitem action="action_view_cheque_details"
               id="menu_cheque_details" 
               name="Cheque Details"
               groups="account.group_account_user,account.group_account_manager"
               parent="menu_finance_bank_customer" 
               sequence="1"/>
               
     <!-- DD Maping -->

      <record id="action_view_dd_details" model="ir.actions.act_window">
            <field name="name">DD Detail</field>
            <field name="res_model">cheque.details</field>
            <field name="view_type">form</field>
            <field name="view_mode">tree,form</field>
             <field name="domain">[('type','=','dd')]</field>
            <field name="context">{'cus_type': 'customer', 'type':'dd'}</field>
            <field name="view_id" ref="view_cheque_details_filter"/>
            <field name="help" type="html">
                <p class="oe_view_nocontent_create">
                    Click here to define a DD Details.
                </p><p>
                    Create DD Details
                </p>
            </field>
        </record>
        
         <record id="action_dd_view1" model="ir.actions.act_window.view">
            <field eval="1" name="sequence"/>
            <field name="view_mode">tree</field>
            <field name="act_window_id" ref="action_view_dd_details"/>
        </record>

        <record id="action_dd_view1_tree" model="ir.actions.act_window.view">
            <field eval="2" name="sequence"/>
            <field name="view_mode">form</field>
            <field name="view_id" ref="view_cheque_details_form"/>
            <field name="act_window_id" ref="action_view_dd_details"/>
        </record>
        
     <menuitem action="action_view_dd_details"
               id="menu_dd_details" 
               name="DD Details"
               groups="account.group_account_user,account.group_account_manager"
               parent="menu_finance_bank_customer" 
               sequence="2"/>
               
        <!-- Bank Maping -->       
      <record id="action_view_neft_details" model="ir.actions.act_window">
            <field name="name">Bank Detail</field>
            <field name="res_model">cheque.details</field>
            <field name="view_type">form</field>
            <field name="view_mode">tree,form</field>
             <field name="domain">[('type','=','neft')]</field>
            <field name="context">{'cus_type': 'customer', 'type':'neft'}</field>
            <field name="view_id" ref="view_cheque_details_filter"/>
            <field name="help" type="html">
                <p class="oe_view_nocontent_create">
                    Click here to define a Bank Details.
                </p><p>
                    Create Bank Details
                </p>
            </field>
        </record>
        
         <record id="action_neft_view1" model="ir.actions.act_window.view">
            <field eval="1" name="sequence"/>
            <field name="view_mode">tree</field>
            <field name="act_window_id" ref="action_view_neft_details"/>
        </record>

        <record id="action_neft_view1_tree" model="ir.actions.act_window.view">
            <field eval="2" name="sequence"/>
            <field name="view_mode">form</field>
            <field name="view_id" ref="view_cheque_details_form"/>
            <field name="act_window_id" ref="action_view_neft_details"/>
        </record>
        
     <menuitem action="action_view_neft_details"
               id="menu_neft_details" 
               name="Bank Details"
               groups="account.group_account_user,account.group_account_manager"
               parent="menu_finance_bank_customer" 
               sequence="3"/>
     
     
               
           <!-- Supplier Cheque Details -->
     <record id="view_cheque_details_vendor_form" model="ir.ui.view">
            <field name="name">view.cheque.details.vendor.form</field>
            <field name="model">cheque.details</field>
            <field name="arch" type="xml">
                <form string="Cheque Details">
                    <header>
                        <button name="cancel" string="Cancel" type="object" states="progress" class="oe_highlight"/>
                        <button name="%(action_check_bounce_details)d" string="Bounce" type="action" states="progress" class="oe_highlight"/>
                        <button name="progress" string="Progress" type="object" states="draft" class="oe_highlight"/>
                        <button name="done" string="Done" type="object" states="progress" class="oe_highlight"/>
                        <button name="%(action_check_dd_map)d" string="Cheque/DD Maping" type="action" states="bounce" class="oe_highlight"/>
                        <field name="state" widget="statusbar" statusbar_visible="draft,progress,done" statusbar_colors='{"cancel":"red","progress":"blue"}'/>
                    </header>
                    <sheet>
                        <group>
                            <group>
                                <field name="voucher_id" domain="[('type','=', 'payment')]"/>
                                <field name="cheque_id"/>
                                <field name="against_id" attrs="{'invisible': [('dd','=',False)]}"/>
                                <field name="partner_id" string="Supplier" domain="[('supplier','=',True)]"/>
                                <field name="company_id" groups="base.group_multi_company"/>
                            </group>
                            <group>
                                <field name="date"/>
                                <field name="amount"/>
                                <field name="type"/>
                            </group>
                        </group>
                        <notebook>
                            <page string="Cheque/DD Detail">
                                <field name="cheque_details_line">
                                    <tree string="Cheque Details"  editable="bottom">
                                        <field name="invoice_id"/>
                                        <field name="journal_line_id"/>
                                        <field name="original_amount"/>
                                        <field name="open_amount"/>
                                        <field name="amount" sum="Total"/>
                                    </tree>
                                </field>
                            </page>
                            <page string="Information">
                                <group>
                                    <group>
                                        <field name="user_id"/>
                                    </group>
                                    <group>
                                        <field name="close_date" attrs="{'invisible': [('state','not in',('done'))]}"/>
                                    </group>
                                </group>
                            </page>
                            <page string="Bounce Details"  attrs="{'invisible': [('state','not in',('bounce'))]}">
                                <group>
                                    <group>
                                        <field name="bounce_date"/>
                                    </group>
                                    <group>
                                        <field name="bounce_amount"/>
                                        <field name="dd"/>
                                    </group>
                                </group>
                                <field name="description"/>
                                
                            </page>
                        </notebook>
                     </sheet>
                     <div class="oe_chatter">
                        <field name="message_follower_ids" widget="mail_followers" groups="base.group_user"/>
                        <field name="message_ids" widget="mail_thread"/>
                    </div>
                 </form>
           </field>
       </record>
       
      <record id="view_cheque_details_vendor_tree" model="ir.ui.view">
            <field name="name">view.cheque.details.vendor.tree</field>
            <field name="model">cheque.details</field>
            <field name="arch" type="xml">
                <tree string="Cheque Detail">
                    <field name="partner_id"/>
                    <field name="voucher_id"/>
                    <field name="cheque_id"/>
                    <field name="date"/>
                    <field name="amount" sum="Total"/>
                    <field name="type"/>
                 </tree>
           </field>
       </record>
       
       <record id="action_view_cheque_vendor_details" model="ir.actions.act_window">
            <field name="name">Cheque Detail</field>
            <field name="res_model">cheque.details</field>
            <field name="view_type">form</field>
            <field name="view_mode">tree,form</field>
            <field name="context">{}</field>
            <field name="domain">[('cus_type','=','supplier')]</field>
            <field name="view_id" ref="view_cheque_details_filter"/>
            <field name="help" type="html">
                <p class="oe_view_nocontent_create">
                    Click here to define a Cheque Details.
                </p><p>
                    Create Cheque Details
                </p>
            </field>
        </record> 
        
         <record id="action_view_cheque_vendor_tree" model="ir.actions.act_window.view">
            <field eval="1" name="sequence"/>
            <field name="view_mode">tree</field>
            <field name="act_window_id" ref="action_view_cheque_vendor_details"/>
        </record>
        <record id="action_view_cheque_vendor_form" model="ir.actions.act_window.view">
            <field eval="2" name="sequence"/>
            <field name="view_mode">form</field>
            <field name="view_id" ref="view_cheque_details_vendor_form"/>
            <field name="act_window_id" ref="action_view_cheque_vendor_details"/>
        </record>
     
     <menuitem action="action_view_cheque_vendor_details"
               id="menu_cheque_vendor_details" 
               name="Cheque Details"
               groups="account.group_account_user,account.group_account_manager"
               parent="menu_finance_bank_supplier" 
               sequence="1"/>
               
      
  </data>          
</openerp>


