<?xml version="1.0" encoding="utf-8"?>
<openerp>
  <data> 
	
		<!-- Sequences for stokiest -->
        <record id="seq_type_stockiest" model="ir.sequence.type">
            <field name="name">Stokistt</field>
            <field name="code">res.partner</field>
        </record>

        <record id="seq_stockiest" model="ir.sequence">
            <field name="name">Stokistt</field>
            <field name="code">res.partner</field>
            <field name="prefix">STID</field>
            <field name="padding">3</field>
            <field name="company_id" eval="False"/>
        </record>
    </data>
</openerp>
