<?xml version="1.0" encoding="utf-8"?>
<openerp>
  <data> 
      
  <record model="ir.ui.view" id="view_product_template_form_inherit">
           <field name="name">view.product.template.form.inherit</field>
            <field name="model">product.template</field>
            <field name="inherit_id" ref="product.product_template_only_form_view"/>
             <field name="arch" type="xml">
                 
                <field name="default_code" position="attributes">
                    <attribute name="string">Product Code</attribute>
                </field>
                
                                
                 <field name="list_price" position="after">
                     <field name="mrp_price"/>
                     <field name="case_qty"/>
                 </field>
             </field>
        </record>
        
      <record model="ir.ui.view" id="view_product_template_form_view_inherit">
           <field name="name">view.product.template.form.view.inherit</field>
            <field name="model">product.template</field>
            <field name="inherit_id" ref="stock_account.view_template_property_form"/>
             <field name="arch" type="xml">
                
                <label for="standard_price" position="attributes">
                    <attribute name="string">Buying Price</attribute>
                </label>
                
                
             </field>
        </record>
        
      <record model="ir.ui.view" id="view_product_template_form_account_inherit">
           <field name="name">view.product.template.form.account.inherit</field>
            <field name="model">product.template</field>
            <field name="inherit_id" ref="account.product_template_form_view"/>
             <field name="arch" type="xml">
                
                <field name="property_account_income" position="attributes">
                    <attribute name="invisible">True</attribute>
                </field>
                
                <field name="property_account_expense" position="attributes">
                    <attribute name="invisible">True</attribute>
                </field>
                
                <group name="status" position="attributes">
                    <attribute name="invisible">True</attribute>
                </group>
                
             </field>
        </record>
    
    <record id="view_product_product_inh" model="ir.ui.view">
            <field name="name">view.product.product.inh</field>
            <field name="model">product.product</field>
            <field name="inherit_id" ref="product.product_normal_form_view"/>
            <field name="arch" type="xml">
                
                <field name="default_code" position="attributes">
                    <attribute name="string">Product Code</attribute>
                </field>
                
                <field name="lst_price" position="attributes">
                    <attribute name="string">Sale Price</attribute>
                </field>
                
                <field name="lst_price" position="after">
                    <field name="mrp_price"/>
                </field>
               
            </field>
    </record>
    
    <!-- product category-->
    
    <record model="ir.ui.view" id="view_product_category_form">
           <field name="name">view.product.category.form</field>
            <field name="model">product.category</field>
            <field name="inherit_id" ref="product.product_category_form_view"/>
             <field name="arch" type="xml">
                
                 <field name="parent_id" position="before">
                     <field name="visible"/>
                     <field name="category_code" attrs="{'required': [('visible','=',True)]}"/>
                     <field name="commodity_code"/>
                     <field name="round"/>
                     <field name="payment_term"/>
                     <field name="commadity_code"/>
                     <field name="company_id" groups="base.group_multi_company"/>
                 </field>
             </field>
        </record>
    
        
      
  </data>          
</openerp>


