<?xml version="1.0" encoding="utf-8"?>
<openerp>
  <data>
        

		<record model="ir.ui.view" id="view_account_analytic_employee">
            <field name="name">view.account.analytic.employee</field>
            <field name="model">account.analytic.account</field>
            <field name="inherit_id" ref="analytic.view_account_analytic_account_form"/>
            <field name="arch" type="xml">
				<page string="Contract Information" position="after">
					<page string="Employee">
						<field name="employee_line">
							<tree string="Employee" editable="bottom">
								<field name="employee_id"/>
							</tree>
						</field>
					</page>
					<page string="Leaves">
						<field name="leave_lines"/>
					</page>
				</page>
				


			</field>
		</record>
		
		
<!--
		<record model="ir.ui.view" id="view_account_analytic_employee">
            <field name="name">view.account.analytic.employee</field>
            <field name="model">account.analytic.account</field>
            <field name="inherit_id" ref="account_analytic_analysis.account_analytic_account_form_form"/>
            <field name="arch" type="xml">
				
				<xpath expr="//button[@name='set_pending']" position="after">
						<button name="renew_contract" string="Renew Contract" type="object" states="pending" />
					</xpath>

				<xpath expr='//table[@class="oe_form_analytic_account"]' position="attributes">
					<attribute name="invisible">True</attribute>
				</xpath>
				
				<field name="pricelist_id" position="attributes">
					<attribute name="invisible">True</attribute>
				</field>
				<field name="recurring_invoices" position="attributes">
					<attribute name="invisible">True</attribute>
				</field>
				
				<separator string="Invoicing" position="attributes">
					<attribute name="invisible">True</attribute>
				</separator>
				
				<separator string="Recurring Invoices" position="attributes">
					<attribute name="invisible">True</attribute>
				</separator>
				
				<label for="recurring_invoices" position="attributes">
					<attribute name="invisible">True</attribute>
				</label>
				
				
			</field>
		</record>
-->
			      <!-- Link for Sale -->
        <act_window
            domain="[('project_id', '=', active_id)]"
            context="{'default_project_id': active_id}"
            id="act_cont_sale"
            name="Quotation"
            res_model="sale.order"
            src_model="account.analytic.account"/>
            
        <act_window
            domain="[('contract_id', '=', active_id)]"
            context="{'default_contract_id': active_id}"
            id="act_cont_invoice"
            name="Invoices"
            res_model="account.invoice"
            src_model="account.analytic.account"/>

  </data>          
</openerp>
