<?xml version="1.0" encoding="utf-8"?>
<openerp>
  <data>
        
        <!-- CRM Lead Form inherit View -->
      <record model="ir.ui.view" id="crm_oppor_form_inherit_hr">
            <field name="name">crm.oppor.form.inherit.hr</field>
            <field name="model">crm.lead</field>
            <field name="inherit_id" ref="crm.crm_case_form_view_oppor"/>
            <field name="arch" type="xml">
				
				<field name="partner_id" position='replace'>
				   <field name="partner_id"
                    on_change="on_change_partner_id(partner_id)"
                    string="Customer"
                    domain="[('customer','=',True),('is_company', '=', True)]"
                    required="1"
                    context="{'default_name': partner_name, 'default_email': email_from, 'default_phone': phone}"/>
				</field>
				
				<xpath expr="//form/sheet/notebook/page[@string='Internal Notes']" position="after">
					<page string="Terms and Condition">
						<field name="remark"/>
				    </page>
				    <page string="Subject">
						<field name="subject"/>
				    </page>
				</xpath>
					
				
				<field name="date_deadline" position="before">
					<field name="client_ref"/>
					<field name="date_en"/>
				</field>
				
				<field name="phone" position="after">
					<field name="waiting_for_approval" invisible="1"/>
				</field>
				
				<xpath expr="//form/header/button[@name='case_mark_lost']" position='after'>
					<button name="recruitment" string="Recruitment" type="object" class="oe_highlight"/>
				</xpath>
				
				
				<xpath expr="//form/header/button[@name='case_mark_lost']" position='after'>
					<button name="approve_by_manager" string="Approve" type="object" class="oe_highlight" attrs="{'invisible':[('waiting_for_approval','=',False)]}"/>
				</xpath>
				
				<xpath expr="//form/header/button[@name='case_mark_lost']" position='attributes'>
					<attribute name="attrs">{'invisible':[('waiting_for_approval','=',True)]}</attribute>
				</xpath>
				
				<xpath expr="//form/header/button[@name='recruitment']" position='attributes'>
					<attribute name="attrs">{'invisible':[('waiting_for_approval','=',True)]}</attribute>
				</xpath>
				
				<xpath expr="//form/header/button[@name='case_mark_won']" position='attributes'>
					<attribute name="attrs">{'invisible':[('waiting_for_approval','=',True)]}</attribute>
				</xpath>
			
				
				 <xpath expr="//form/sheet/div/label[@for='name']" position="before">
					<label for="seq_no" class="oe_edit_only"/>
                     <h1><field name="seq_no"/></h1>
                </xpath>
                
        

			<xpath expr="//form/sheet/notebook/page[@string='Internal Notes']" position="before">
                      <page string="Manpower">
						  <field name="man_line" >
							  <tree string="Product Lines" editable="bottom">
								  <field name="product_id" on_change="product_id_change(product_id, description, uom_id)"/>
								  <field name="description"/>
							      <field name="uom_id"/>
								  <field name="quantity"/>
								  <field name="normal_price"/>
								  <field name="normal_total"/>
								  <field name="ot_price"/>
								  <field name="holiday_price"/>
						      </tree>
						  </field>
				      </page>				
				</xpath>
				
		    </field>
      </record>
      
      			      <!-- CRM Lead Tree inherit View -->
        <record model="ir.ui.view" id="crm_oppor_tree_inherit">
            <field name="name">crm.oppor.tree.inherit</field>
            <field name="model">crm.lead</field>
            <field name="inherit_id" ref="crm.crm_case_tree_view_oppor"/>
            <field name="arch" type="xml">
				<field name="create_date" position="after">
					<field name="seq_no"/>
				</field>
			</field>
		</record>
		
		 <!-- CRM Enquiry lable -->
		
		<record model="ir.ui.menu" id="crm.menu_crm_opportunities">
            <field name="name">Enquiry</field>
        </record>
		    
		     <!-- CRM Lead search inherit View -->
        <record model="ir.ui.view" id="crm_oppor_search_inherit">
            <field name="name">crm.oppor.search.inherit</field>
            <field name="model">crm.lead</field>
            <field name="inherit_id" ref="crm.view_crm_case_leads_filter"/>
            <field name="arch" type="xml">
				<xpath expr="//filter[@string='My Leads']" position="after">
					<filter string="seq_no" domain="[]" context="{'group_by':'seq_no'}"/>
				</xpath>
			</field>
		</record>
		
		<record model="ir.ui.view" id="crm_make_sale_inherit">
            <field name="name">crm.make.sale.inherit</field>
            <field name="model">crm.lead</field>
            <field name="inherit_id" ref="sale_crm.crm_case_form_view_oppor"/>
            <field name="arch" type="xml">
				<xpath expr="//button[@string='Convert to Quotation']" position="attributes">
					<attribute name="attrs">{'invisible':[('waiting_for_approval','=',True)]}</attribute>
				</xpath>
			</field>
		</record>
		
        <record model="ir.ui.view" id="crm_make_sale_inherit">
            <field name="name">crm.make.sale.inherit</field>
            <field name="model">crm.make.sale</field>
            <field name="inherit_id" ref="sale_crm.view_crm_make_sale"/>
            <field name="arch" type="xml">
				<xpath expr="//field[@name='close']" position="after">
					<field name='manager_approval' invisible="1"/>
				</xpath>
				<xpath expr="//button[@name='makeOrder']" position="after">
					<button name="manager_approval_func" string="Apply" type="object" class="oe_highlight" attrs="{'invisible': [('manager_approval','=',False)]}"/>
				</xpath>
				<xpath expr="//button[@name='makeOrder']" position="attributes">
					<attribute name="attrs">{'invisible':[('manager_approval','=',True)]}</attribute>
				</xpath>
				<xpath expr="//button[@string='Cancel']" position="attributes">
					<attribute name="attrs">{'invisible':[('manager_approval','=',True)]}</attribute>
				</xpath>
			</field>
		</record>		
		      
		       <!-- CRM Lead kanban inherit View -->
        <record model="ir.ui.view" id="crm_oppor_kanban_inherit">
            <field name="name">crm.oppor.kanban.inherit</field>
            <field name="model">crm.lead</field>
            <field name="inherit_id" ref="crm.crm_case_kanban_view_leads"/>
            <field name="arch" type="xml">
				<field name="name" position="before">
					<div t-attf-class="oe_kanban_color_#{kanban_getcolor(record.color.raw_value)} oe_kanban_card oe_kanban_global_click">
					<div>
					   <span t-attf-class="#{red || ''}"><field name="seq_no"/></span>
					</div>
					</div>
				</field>
			</field>
		</record>
		
		
		<!-- Sale orders -->
		
		<record model="ir.ui.view" id="view_order_form_inh">
            <field name="name">view.order.form.inh</field>
            <field name="model">sale.order</field>
            <field name="inherit_id" ref="sale.view_order_form"/>
            <field name="arch" type="xml">
				<field name="fiscal_position" position="after">
					<field name="contact_name"/>
					<field name="title_id" placeholder="Title" class="oe_inline" options='{"no_open": True}'/>
					<field name="function"/>
					<field name="lead_id"/>
				</field>
				<page string="Other Information" position="before">
					<page string="Manpower">
						<field name="sale_enq_line">
							<tree string="Manpower" editable="bottom">
								<field name="product_id" on_change="product_id_change(product_id, description, uom_id)"/>
								<field name="description"/>
							    <field name="uom_id"/>
								<field name="quantity"/>
								<field name="normal_price"/>
								<field name="normal_total"/>
								<field name="ot_price"/>
								<field name="holiday_price"/>
							</tree>
						</field>
					</page>
					<page string="Terms and Condition">
						<field name="remark"/>
				    </page>
				    <page string="Subject">
						<field name="subject"/>
				    </page>
				</page>
				
				
				<button name="action_button_confirm" position="replace">
					<button name="convert_waiting" states="draft" string="Approval" type="object"/>
					<button name="convert_contract" states="waiting_date" groups="base.group_sale_manager" string="Convert Contract" type="object"/>
				</button>
				
				<page string="Order Lines" position="attributes">
					<attribute name="invisible">True</attribute>
				</page>
			</field>
		</record>
		
		

              <!-- Link for RFQ -->
        <act_window
            domain="[('lead_id', '=', active_id)]"
            context="{'default_lead_id': active_id}"
            id="act_lead_hr_recruitment"
            name="Recruitment"
            res_model="hr.job"
            src_model="crm.lead"/>

  </data>          
</openerp>
 
