<?xml version="1.0" encoding="UTF-8"?>
<openerp>
<data>
<record id="ap_sale_report_form" model="ir.ui.view">
	  <field name="name">Sale Tax Report</field>
	  <field name="model">ap.sale.report</field>
	  <field name="arch" type="xml">
	  <form string="Sale Tax Report">
  			<group string="Sale Tax Report">
 			 <group col='4'>
				  <field name="from_date"/>
				  <field name="to_date"/>
				  <field name="company_id" invisible="1"/>
				  <field name="categ_id" domain="[('company_id', '=', company_id),('visible','=',True)]"/>
			</group>
			</group>
					
            <group col='4'>
            	<button icon="gtk-execute" name="get_report" string="View" type="object" context="{'xls_export':1}"/>;               
			  
<field name="inpopup" invisible="1"/>
            	<button string="Exit" attrs="{'invisible':[('inpopup','=',False)]}" class="oe_highlight" special="cancel"/>              </group>
            <notebook>
                <page string="Sale Tax Report">		 
                  <field name="ap_so_tax_ids">
				  	<tree string="Sale Tax Report">
				  	     <field name="buyer_tin"/>
				  	     <field name="invoice_id"/>
				  	     <field name="invoice_date"/>	
				  	     <field name="categ_id"/>	
				  	     <field name="tax_rate"/>
				  	     <field name="amount_total"/> 	 
				  	</tree>
				 </field>
             </page>	
			</notebook>
			
	  </form>
	  </field>
	  </record>
<record model="ir.actions.act_window" id="action_ap_sale_tax_report">
	  <field name="name">Sale TAX Report</field>
	  <field name="res_model">ap.sale.report</field>
	  <field name="view_type">form</field>
      <field name="target">new</field>
      <field name="view_mode">form</field>
  </record>
       
      
       
       <menuitem id="menu_ap_sale_tax_report" action="action_ap_sale_tax_report" parent="account.menu_finance_reports" sequence="7" name="Sales Tax Return(Annexure II)"/>
  
  
  	  <record id="ap_menu" model="res.groups">
			<field name="name">AP Tax</field>
			<field name="category_id" ref="base.module_category_hidden"/>
	  </record>
  
  

  
</data>
</openerp>
